target,input
cartao credito,meu cartao de credito esta com problemas.
cartao credito,meu cartao de credito nao funciona.
cartao credito,minha compra nao esta sendo aprovado no cartao.
cartao credito,ja efetuei o pagamento e mesmo assim meu cartao nao passa.
cartao credito,ja tentei mais de uma vez e nada.
cartao credito,isso acontece em todas as vezes que tento utilizar meu cartao.
cdb,como faco pra investir.
cdb,qual o valor minimo para fazer um investimento em cdb.
cdb,quais os prazos para se fazer um investimento de renda fixa.
cdb,e necessario ter conta para fazer um investimento de renda fixa.
cdb,estou tendo um erro ao tentar fazer um investimento de renda fixa.
